<?xml version="1.0" encoding="UTF-8"?>
<GenRun Id="impl_1" LaunchPart="xc7z010clg400-1" LaunchTime="1688371621">
  <File Type="ROUTE-PWR" Name="top_design_power_routed.rpt"/>
  <File Type="PA-TCL" Name="top_design.tcl"/>
  <File Type="BITSTR-MMI" Name="top_design.mmi"/>
  <File Type="OPT-METHODOLOGY-DRC" Name="top_design_methodology_drc_opted.rpt"/>
  <File Type="INIT-TIMING" Name="top_design_timing_summary_init.rpt"/>
  <File Type="ROUTE-PWR-SUM" Name="top_design_power_summary_routed.pb"/>
  <File Type="REPORTS-TCL" Name="top_design_reports.tcl"/>
  <File Type="OPT-TIMING" Name="top_design_timing_summary_opted.rpt"/>
  <File Type="OPT-DCP" Name="top_design_opt.dcp"/>
  <File Type="OPT-DRC" Name="top_design_drc_opted.rpt"/>
  <File Type="OPT-HWDEF" Name="top_design.hwdef"/>
  <File Type="PWROPT-DCP" Name="top_design_pwropt.dcp"/>
  <File Type="PWROPT-DRC" Name="top_design_drc_pwropted.rpt"/>
  <File Type="PWROPT-TIMING" Name="top_design_timing_summary_pwropted.rpt"/>
  <File Type="PLACE-DCP" Name="top_design_placed.dcp"/>
  <File Type="PLACE-IO" Name="top_design_io_placed.rpt"/>
  <File Type="PLACE-CLK" Name="top_design_clock_utilization_placed.rpt"/>
  <File Type="PLACE-UTIL" Name="top_design_utilization_placed.rpt"/>
  <File Type="PLACE-UTIL-PB" Name="top_design_utilization_placed.pb"/>
  <File Type="PLACE-CTRL" Name="top_design_control_sets_placed.rpt"/>
  <File Type="PLACE-SIMILARITY" Name="top_design_incremental_reuse_placed.rpt"/>
  <File Type="PLACE-PRE-SIMILARITY" Name="top_design_incremental_reuse_pre_placed.rpt"/>
  <File Type="BG-BIN" Name="top_design.bin"/>
  <File Type="PLACE-TIMING" Name="top_design_timing_summary_placed.rpt"/>
  <File Type="POSTPLACE-PWROPT-DCP" Name="top_design_postplace_pwropt.dcp"/>
  <File Type="BITSTR-MSK" Name="top_design.msk"/>
  <File Type="POSTPLACE-PWROPT-TIMING" Name="top_design_timing_summary_postplace_pwropted.rpt"/>
  <File Type="PHYSOPT-DCP" Name="top_design_physopt.dcp"/>
  <File Type="PHYSOPT-DRC" Name="top_design_drc_physopted.rpt"/>
  <File Type="BITSTR-RBT" Name="top_design.rbt"/>
  <File Type="PHYSOPT-TIMING" Name="top_design_timing_summary_physopted.rpt"/>
  <File Type="ROUTE-ERROR-DCP" Name="top_design_routed_error.dcp"/>
  <File Type="ROUTE-DCP" Name="top_design_routed.dcp"/>
  <File Type="ROUTE-BLACKBOX-DCP" Name="top_design_routed_bb.dcp"/>
  <File Type="ROUTE-DRC" Name="top_design_drc_routed.rpt"/>
  <File Type="ROUTE-DRC-PB" Name="top_design_drc_routed.pb"/>
  <File Type="ROUTE-DRC-RPX" Name="top_design_drc_routed.rpx"/>
  <File Type="ROUTE-METHODOLOGY-DRC" Name="top_design_methodology_drc_routed.rpt"/>
  <File Type="ROUTE-METHODOLOGY-DRC-RPX" Name="top_design_methodology_drc_routed.rpx"/>
  <File Type="ROUTE-METHODOLOGY-DRC-PB" Name="top_design_methodology_drc_routed.pb"/>
  <File Type="ROUTE-PWR-RPX" Name="top_design_power_routed.rpx"/>
  <File Type="ROUTE-STATUS" Name="top_design_route_status.rpt"/>
  <File Type="ROUTE-STATUS-PB" Name="top_design_route_status.pb"/>
  <File Type="ROUTE-TIMINGSUMMARY" Name="top_design_timing_summary_routed.rpt"/>
  <File Type="ROUTE-TIMING-PB" Name="top_design_timing_summary_routed.pb"/>
  <File Type="ROUTE-TIMING-RPX" Name="top_design_timing_summary_routed.rpx"/>
  <File Type="ROUTE-SIMILARITY" Name="top_design_incremental_reuse_routed.rpt"/>
  <File Type="ROUTE-CLK" Name="top_design_clock_utilization_routed.rpt"/>
  <File Type="ROUTE-BUS-SKEW" Name="top_design_bus_skew_routed.rpt"/>
  <File Type="ROUTE-BUS-SKEW-PB" Name="top_design_bus_skew_routed.pb"/>
  <File Type="ROUTE-BUS-SKEW-RPX" Name="top_design_bus_skew_routed.rpx"/>
  <File Type="POSTROUTE-PHYSOPT-DCP" Name="top_design_postroute_physopt.dcp"/>
  <File Type="POSTROUTE-PHYSOPT-BLACKBOX-DCP" Name="top_design_postroute_physopt_bb.dcp"/>
  <File Type="POSTROUTE-PHYSOPT-TIMING" Name="top_design_timing_summary_postroute_physopted.rpt"/>
  <File Type="POSTROUTE-PHYSOPT-TIMING-PB" Name="top_design_timing_summary_postroute_physopted.pb"/>
  <File Type="POSTROUTE-PHYSOPT-TIMING-RPX" Name="top_design_timing_summary_postroute_physopted.rpx"/>
  <File Type="POSTROUTE-PHYSOPT-BUS-SKEW" Name="top_design_bus_skew_postroute_physopted.rpt"/>
  <File Type="BG-BIT" Name="top_design.bit"/>
  <File Type="POSTROUTE-PHYSOPT-BUS-SKEW-PB" Name="top_design_bus_skew_postroute_physopted.pb"/>
  <File Type="POSTROUTE-PHYSOPT-BUS-SKEW-RPX" Name="top_design_bus_skew_postroute_physopted.rpx"/>
  <File Type="BITSTR-NKY" Name="top_design.nky"/>
  <File Type="BITSTR-BMM" Name="top_design_bd.bmm"/>
  <File Type="PDI-FILE" Name="top_design.pdi"/>
  <File Type="RCFI_FILE" Name="top_design.rcfi"/>
  <File Type="CFI_FILE" Name="top_design.cfi"/>
  <File Type="RNPI_FILE" Name="top_design.rnpi"/>
  <File Type="NPI_FILE" Name="top_design.npi"/>
  <File Type="RBD_FILE" Name="top_design.rbd"/>
  <File Type="BITSTR-LTX" Name="debug_nets.ltx"/>
  <File Type="BITSTR-LTX" Name="top_design.ltx"/>
  <File Type="BITSTR-SYSDEF" Name="top_design.sysdef"/>
  <File Type="BG-BGN" Name="top_design.bgn"/>
  <File Type="BG-DRC" Name="top_design.drc"/>
  <File Type="RDI-RDI" Name="top_design.vdi"/>
  <File Type="WBT-USG" Name="usage_statistics_webtalk.html"/>
  <File Type="ROUTE-RQS" Name="top_design_routed.rqs"/>
  <File Type="POSTROUTE-PHYSOPT-RQS" Name="top_design_postroute_physopted.rqs"/>
  <File Type="ROUTE-RQS-RPT" Name="route_report_qor_suggestions_0.rpt"/>
  <File Type="POSTROUTE-PHYSOPT-RQS-RPT" Name="postroute_physopt_report_qor_suggestions_0.rpt"/>
  <FileSet Name="sources" Type="DesignSrcs" RelSrcDir="$PSRCDIR/sources_1" RelGenDir="$PGENDIR/sources_1">
    <Filter Type="Srcs"/>
    <File Path="$PSRCDIR/sources_1/new/ad9226_adc.v">
      <FileInfo>
        <Attr Name="UsedIn" Val="synthesis"/>
        <Attr Name="UsedIn" Val="implementation"/>
        <Attr Name="UsedIn" Val="simulation"/>
      </FileInfo>
    </File>
    <File Path="$PSRCDIR/sources_1/new/ad9764_dac.v">
      <FileInfo>
        <Attr Name="UsedIn" Val="synthesis"/>
        <Attr Name="UsedIn" Val="implementation"/>
        <Attr Name="UsedIn" Val="simulation"/>
      </FileInfo>
    </File>
    <File Path="$PSRCDIR/sources_1/new/top_design.v">
      <FileInfo>
        <Attr Name="UsedIn" Val="synthesis"/>
        <Attr Name="UsedIn" Val="implementation"/>
        <Attr Name="UsedIn" Val="simulation"/>
      </FileInfo>
    </File>
    <File Path="$PPRDIR/fir_coe.coe">
      <FileInfo>
        <Attr Name="ImportPath" Val="$PPRDIR/fir_coe.coe"/>
        <Attr Name="ImportTime" Val="1681477697"/>
        <Attr Name="UsedIn" Val="synthesis"/>
        <Attr Name="UsedIn" Val="simulation"/>
      </FileInfo>
    </File>
    <Config>
      <Option Name="DesignMode" Val="RTL"/>
      <Option Name="TopModule" Val="top_design"/>
      <Option Name="TopAutoSet" Val="TRUE"/>
    </Config>
  </FileSet>
  <FileSet Name="constrs_in" Type="Constrs" RelSrcDir="$PSRCDIR/constrs_1">
    <Filter Type="Constrs"/>
    <File Path="$PSRCDIR/constrs_1/new/AD_DA_LOOP.xdc">
      <FileInfo>
        <Attr Name="UsedIn" Val="synthesis"/>
        <Attr Name="UsedIn" Val="implementation"/>
      </FileInfo>
    </File>
    <Config>
      <Option Name="TargetConstrsFile" Val="$PSRCDIR/constrs_1/new/AD_DA_LOOP.xdc"/>
      <Option Name="ConstrsType" Val="XDC"/>
    </Config>
  </FileSet>
  <FileSet Name="utils" Type="Utils" RelSrcDir="$PSRCDIR/utils_1">
    <Filter Type="Utils"/>
    <Config>
      <Option Name="TopAutoSet" Val="TRUE"/>
    </Config>
  </FileSet>
  <Strategy Version="1" Minor="2">
    <StratHandle Name="Vivado Implementation Defaults" Flow="Vivado Implementation 2019"/>
    <Step Id="init_design"/>
    <Step Id="opt_design"/>
    <Step Id="power_opt_design"/>
    <Step Id="place_design"/>
    <Step Id="post_place_power_opt_design"/>
    <Step Id="phys_opt_design" EnableStepBool="1"/>
    <Step Id="route_design"/>
    <Step Id="post_route_phys_opt_design"/>
    <Step Id="write_bitstream"/>
  </Strategy>
  <BlockFileSet Type="BlockSrcs" Name="clk_wiz_0"/>
  <BlockFileSet Type="BlockSrcs" Name="fir_compiler_0"/>
</GenRun>
